	cope1	cope10	cope11	cope12	cope13	cope14	cope15	cope16	cope17	cope18	cope19	cope2	cope20	cope21	cope22	cope23	cope3	cope4	cope5	cope6	cope7	cope8	cope9
sub-001	-5.149089 5.400637 	-4.510490 4.929140 	-4.621045 3.823775 	-5.049824 5.417955 	-4.844965 5.470177 	-5.470177 4.844965 	-7.269985 5.062478 	-5.062478 7.269916 	-5.703035 5.045375 	-3.916097 5.930358 	-6.710282 4.420660 	-5.400637 5.149089 	-4.420660 6.710280 	-4.974420 5.236734 	-5.236734 4.974420 	-5.257060 4.422542 	-5.546316 5.001424 	-5.001424 5.546316 	-4.815015 5.144981 	-4.704127 4.693715 	-4.573304 5.131107 	-5.131107 4.573304 	-4.929140 4.510490 
sub-002	-4.627014 4.598331 	-4.823052 4.452289 	-6.532806 5.661823 	-6.651571 5.299552 	-7.799837 6.376823 	-6.376823 7.799837 	-5.277029 5.446514 	-5.446514 5.277029 	-6.017691 8.069314 	-5.067532 6.222901 	-6.367537 6.872022 	-4.598331 4.627014 	-6.872013 6.367537 	-11.021873 7.518949 	-7.518949 11.021873 	-8.179813 7.908150 	0.000000 0.000000 	0.000000 0.000000 	-6.433298 6.086695 	-6.722400 7.558539 	-6.626678 7.793071 	-7.793071 6.626678 	-4.452289 4.823052 
sub-003	-5.421859 7.118972 	-5.682829 5.446904 	-10.391096 9.563452 	-6.904866 5.664588 	-8.455349 6.262292 	-6.262292 8.455349 	-4.850310 4.892520 	-4.892520 4.850310 	-4.526897 5.060896 	0.000000 0.000000 	-5.168696 5.246500 	-7.119060 5.421859 	-5.246500 5.168696 	-7.067524 4.884535 	-4.884535 7.067547 	-4.625580 4.654994 	-5.811203 7.941285 	-7.941285 5.811203 	-7.561533 6.108395 	-7.495983 5.405548 	-6.880083 7.225046 	-7.224934 6.880102 	-5.446904 5.682829 
sub-004	-8.833944 5.623909 	-5.795523 4.151964 	-7.338194 8.384481 	-5.646645 4.260946 	-7.283653 5.573559 	-5.573559 7.283765 	-4.667728 5.152958 	-5.152958 4.667728 	-7.433256 6.379904 	-5.503895 5.503123 	-5.762137 5.095201 	-5.623909 8.833944 	-5.095201 5.762137 	-6.633983 4.872158 	-4.872158 6.633975 	-5.406233 6.653097 	-7.126720 6.445814 	-6.445815 7.126756 	-6.688675 10.279569 	-5.774366 7.662568 	-6.225459 5.732070 	-5.732070 6.225459 	-4.151964 5.795523 
sub-005	-9.408529 6.345373 	-4.935070 10.571926 	-4.649796 8.081814 	-4.667770 5.691463 	-7.600784 4.283872 	-4.283872 7.600784 	-5.320257 5.388280 	-5.388280 5.320257 	-4.277063 6.016151 	-5.593900 6.020192 	-6.561638 5.748898 	-6.345372 9.408529 	-5.748898 6.561637 	-6.051173 4.691402 	-4.691402 6.051173 	-4.337674 6.438028 	-5.497678 6.257793 	-6.257794 5.497678 	-5.020307 5.528230 	-6.014785 5.656413 	-3.985212 4.653278 	-4.653278 3.985212 	-10.571926 4.935070 
sub-006	-5.091512 4.340902 	-6.069418 6.988711 	-6.346590 5.975044 	-8.722560 7.345072 	-5.271771 5.197337 	-5.197337 5.271771 	-6.805979 6.618825 	-6.618828 6.805983 	-5.539209 4.962865 	-5.298403 4.068316 	0.000000 0.000000 	-4.340902 5.091512 	0.000000 0.000000 	-4.931828 5.756308 	-5.756308 4.931828 	-4.892634 4.094223 	-9.784951 6.558274 	-6.558277 9.784951 	-4.399860 5.634648 	-8.193857 10.629692 	-4.816525 5.954001 	-5.954001 4.816525 	-6.988664 6.069418 
sub-007	-5.458021 4.755924 	-9.089019 6.558852 	-4.735497 4.328667 	-8.556703 7.334239 	-6.658363 5.647644 	-5.647644 6.658362 	-6.808957 6.424695 	-6.424693 6.808958 	-5.346289 5.726072 	-4.912338 4.223058 	-6.084929 7.911036 	-4.755924 5.458021 	-7.911036 6.084929 	-4.713787 5.259603 	-5.259603 4.713787 	-5.026187 5.324253 	-6.240588 5.420269 	-5.420269 6.240588 	-5.985791 5.566908 	-5.265427 6.423939 	-5.069873 4.806026 	-4.806026 5.069873 	-6.558852 9.089019 
sub-009	-8.218490 5.295437 	-4.520276 4.880140 	-5.388493 4.485626 	-4.371646 4.743809 	-5.432906 5.444079 	-5.444079 5.432906 	-5.100761 4.790887 	-4.790887 5.100761 	-6.410745 5.721806 	-4.838206 5.521229 	-4.687622 4.692862 	-5.295437 8.218490 	-4.692862 4.687622 	-5.930736 6.308791 	-6.308792 5.930736 	-6.905706 7.032244 	-5.524319 6.623970 	-6.623975 5.524319 	-5.785822 4.998644 	-4.407309 5.616318 	-4.959410 5.294139 	-5.294139 4.959410 	-4.880140 4.520276 
sub-010	-4.845472 4.402011 	-5.354808 4.574799 	-8.401571 11.200508 	-6.353589 6.019657 	-5.287148 4.810730 	-4.810730 5.287148 	-4.158020 5.184705 	-5.184705 4.158020 	-5.712687 4.393424 	-5.444963 7.321057 	-4.940590 4.727283 	-4.402011 4.845472 	-4.727283 4.940590 	-5.053718 5.613065 	-5.613065 5.053718 	-4.886110 4.962328 	-6.417340 5.806009 	-5.806009 6.417340 	-4.869264 4.961380 	-5.945576 7.808729 	-9.900873 7.058060 	-7.057883 9.900873 	-4.574799 5.354808 
sub-011	-6.447168 6.170150 	-6.103014 5.696252 	-5.964112 7.673320 	-5.725454 4.804302 	-5.412613 5.524557 	-5.524557 5.412613 	-4.826114 9.433506 	-9.433506 4.826114 	-6.848580 4.965400 	-5.855750 5.679542 	-4.717148 5.080884 	-6.170150 6.447169 	-5.080884 4.717148 	-4.547683 4.953375 	-4.953375 4.547683 	-5.886939 4.984252 	-5.425404 6.181771 	-6.181771 5.425404 	-5.382634 4.996613 	-6.649562 7.177948 	-4.610669 6.313554 	-6.313553 4.610669 	-5.696252 6.103014 
sub-012	-4.862226 5.348370 	-6.396213 6.773671 	-4.021404 5.701264 	-5.578426 5.401719 	-5.284266 4.935257 	-4.935257 5.284266 	-5.253907 6.519861 	-6.519860 5.253907 	-4.938844 4.443707 	-5.384864 5.118066 	-5.143901 5.328001 	-5.348370 4.862226 	-5.328001 5.143901 	-6.610743 6.304676 	-6.304676 6.610739 	-3.939661 5.568303 	-5.563152 4.451529 	-4.451529 5.563152 	-4.757977 5.139163 	-5.186975 4.428710 	-5.489718 5.022920 	-5.022920 5.489718 	-6.773662 6.396215 
sub-013																							
sub-014	-5.333014 5.723303 	-5.677438 5.273148 	-4.842390 5.329961 	-5.021827 5.959544 	-5.458026 6.033816 	-6.033816 5.458026 	-7.077343 5.786664 	-5.786664 7.077297 	-4.033850 4.764602 	0.000000 0.000000 	-6.314283 4.924611 	-5.723303 5.333014 	-4.924611 6.314283 	-5.124420 4.540425 	-4.540425 5.124420 	-4.791753 6.078951 	-6.307201 5.761573 	-5.761573 6.307201 	-5.242953 5.998923 	-5.570902 5.367645 	-5.263040 4.821643 	-4.821643 5.263040 	-5.273148 5.677438 
sub-015	-7.737594 4.136537 	-4.918805 8.354951 	-4.582381 6.440470 	-4.831061 6.332434 	-4.384548 5.668319 	-5.668319 4.384548 	-4.794866 5.004332 	-5.004332 4.794866 	-4.795269 5.075308 	-4.592703 4.796265 	-4.857686 5.031770 	-4.136537 7.737594 	-5.031770 4.857686 	-5.113124 5.948737 	-5.948737 5.113124 	-4.325159 5.279613 	-8.154076 5.566240 	-5.566240 8.154076 	-5.580393 9.506353 	-4.248688 5.951544 	-4.851460 4.781667 	-4.781667 4.851460 	-8.354951 4.918805 
sub-016	-4.891812 5.281313 	-5.537523 5.767817 	-5.468628 4.440071 	-6.040609 4.901840 	-6.779544 4.452793 	-4.452793 6.779545 	-6.127356 4.923036 	-4.923036 6.127356 	-5.147700 5.531511 	-4.841304 7.224805 	-5.603593 5.025813 	-5.281313 4.891812 	-5.025813 5.603593 	-5.292398 4.611811 	-4.611811 5.292398 	-6.258712 5.606495 	-5.844028 4.605232 	-4.605232 5.844028 	-5.903463 5.094152 	-4.632390 5.870915 	-3.966173 5.152232 	-5.152232 3.966173 	-5.767817 5.537523 
sub-017	-5.533457 5.497122 	-5.530526 6.531848 	-5.217793 5.407011 	-4.992682 7.219150 	-4.402977 5.211003 	-5.211003 4.402977 	-5.889459 4.907843 	-4.907843 5.889459 	-4.272782 5.569470 	-5.593847 5.144946 	-5.529447 4.816461 	-5.497122 5.533457 	-4.816461 5.529447 	-4.814625 6.609015 	-6.609017 4.814625 	-4.861734 5.762715 	-5.198431 5.243285 	-5.243285 5.198431 	-5.203777 5.543021 	-6.751700 5.124868 	-6.107177 4.510716 	-4.510716 6.107177 	-6.531847 5.530526 
sub-018	-6.575453 11.843369 	-10.195387 5.527661 	-6.399847 6.241740 	-10.176663 6.256289 	-5.311543 4.930462 	-4.930462 5.311543 	-14.256194 7.704601 	-7.704601 14.256194 	-5.202746 5.083609 	-10.214698 11.484027 	-13.615064 6.446650 	-11.843369 6.575452 	-6.446649 13.615064 	-5.990678 4.568201 	-4.568201 5.990678 	-6.357433 5.323302 	-6.308625 10.740554 	-10.740554 6.308625 	-12.473645 6.822691 	-10.768744 6.722785 	-6.336772 6.359964 	-6.359964 6.336772 	-5.527661 10.195387 
sub-019	-5.106350 5.886267 	-4.541733 5.297758 	-5.759121 6.822927 	-4.085890 5.051898 	0.000000 0.000000 	0.000000 0.000000 	-5.107328 4.536892 	-4.536892 5.107328 	-6.251619 5.784853 	-5.628170 7.741935 	-4.809649 4.553500 	-5.886267 5.106350 	-4.553500 4.809649 	-4.944827 5.885096 	-5.885096 4.944827 	-6.270392 5.425651 	-4.906295 4.348155 	-4.348155 4.906295 	-6.533824 4.382483 	-5.480277 5.460142 	-4.678462 5.034674 	-5.034674 4.678462 	-5.297758 4.541733 
sub-020	-4.942453 4.598043 	-8.338825 6.428033 	-6.459638 6.119799 	-8.948240 5.159040 	-7.280009 5.851860 	-5.851860 7.279766 	-4.753378 4.282669 	-4.282669 4.753378 	-5.179928 7.812057 	-5.090567 5.705741 	-5.573623 5.173642 	-4.598043 4.942453 	-5.173642 5.573623 	-5.613459 6.237511 	-6.237511 5.613459 	-6.049105 5.919073 	-6.232865 4.512999 	-4.512999 6.232865 	-4.247200 5.421562 	-4.272947 4.847095 	-5.008746 4.456431 	-4.456431 5.008746 	-6.428034 8.338825 
sub-021	-6.901686 6.424375 	-5.273586 4.891654 	-4.991298 5.969428 	-5.801337 4.200290 	-5.615896 7.120871 	-7.120839 5.615896 	-5.294500 6.910944 	-6.910983 5.294500 	-6.146716 5.086336 	-6.119615 6.070767 	-5.193284 5.253172 	-6.424377 6.901659 	-5.253172 5.193284 	-5.059313 6.232450 	-6.232450 5.059313 	-4.922997 4.574689 	-7.016473 6.135092 	-6.135092 7.016574 	-5.246271 6.628119 	-6.059396 5.979876 	-5.369956 5.341654 	-5.341654 5.369956 	-4.891654 5.273586 
sub-022	-4.781064 5.318633 	-6.084704 5.786769 	-6.694893 5.849236 	-5.533498 5.380077 	-6.344603 6.050589 	-6.050589 6.344604 	-7.402726 6.961986 	-6.962011 7.402726 	-6.093234 7.226621 	-5.023534 5.697365 	-4.778316 5.781775 	-5.318633 4.781064 	-5.781775 4.778316 	-6.443399 5.205064 	-5.205064 6.443399 	-6.390350 5.128817 	-5.835695 5.123374 	-5.123374 5.835695 	-5.850657 5.242239 	-5.524375 5.794051 	-5.198977 6.111614 	-6.111614 5.198977 	-5.786769 6.084704 
sub-024	-9.223403 7.870501 	-6.932971 5.327572 	-5.971363 5.306922 	-5.256495 5.730572 	0.000000 0.000000 	0.000000 0.000000 	-7.193563 4.913686 	-4.913686 7.193552 	-5.747007 7.805657 	-5.001020 7.353605 	-5.396855 5.540969 	-7.870501 9.223403 	-5.540969 5.396855 	-6.478372 5.130621 	-5.130621 6.478370 	-5.914244 6.897194 	-5.420520 5.376418 	-5.376418 5.420520 	-5.598310 5.704559 	-8.272935 9.243289 	-5.972787 5.772559 	-5.772559 5.972787 	-5.327572 6.932948 
sub-025	-6.082228 4.744368 	-5.328732 3.970366 	-4.373143 4.294231 	-4.696013 5.769183 	-5.704251 5.290050 	-5.290050 5.704251 	-5.970463 4.628653 	-4.628653 5.970463 	-4.752099 5.972280 	-5.178912 5.036583 	-4.888161 5.176360 	-4.744368 6.082228 	-5.176360 4.888161 	-4.448102 5.685977 	-5.685977 4.448102 	-4.191693 5.067812 	-5.661992 4.603244 	-4.603244 5.661992 	-4.773398 4.699556 	-4.751476 5.519050 	-5.326963 4.348545 	-4.348545 5.326963 	-3.970366 5.328732 
sub-026	-5.279381 5.065533 	-7.747816 5.313852 	-5.085032 5.582248 	-6.624366 6.052613 	0.000000 0.000000 	0.000000 0.000000 	-5.990017 4.939274 	-4.939274 5.990017 	-5.287021 4.984375 	-5.154569 5.314331 	-6.654865 4.660519 	-5.065533 5.279381 	-4.660519 6.654870 	-4.334428 4.414749 	-4.414749 4.334428 	-5.495069 4.682949 	-6.404536 7.770575 	-7.770575 6.404539 	-6.910504 5.422800 	-5.772537 5.973102 	-5.385186 4.543498 	-4.543498 5.385186 	-5.313852 7.747816 
sub-027	-7.048509 7.935695 	-5.029105 5.892589 	-4.666031 5.066579 	-5.226707 5.649590 	-7.056224 7.178076 	-7.178050 7.056136 	-4.452138 7.069912 	-7.069887 4.452138 	-7.511586 5.337018 	-6.321185 5.189586 	-4.993922 7.315166 	-7.935695 7.048484 	-7.315166 4.993922 	-5.062293 8.359257 	-8.359257 5.062293 	-6.541785 5.338143 	-5.201472 4.427900 	-4.427900 5.201472 	-6.774548 6.496984 	-4.130987 5.029983 	-4.856901 4.743637 	-4.743637 4.856901 	-5.892589 5.029105 
sub-028	-6.515998 5.522137 	-6.640590 6.395567 	-6.897623 8.019082 	-5.670310 7.034673 	-5.404702 5.671118 	-5.671118 5.404702 	-5.250044 4.427150 	-4.427150 5.250044 	-5.172567 6.565481 	-5.765537 5.478657 	-5.880619 6.907301 	-5.522137 6.515999 	-6.907317 5.880619 	-4.998369 6.987270 	-6.987300 4.998369 	-6.272291 7.928112 	-8.278390 8.636134 	-8.636134 8.278390 	-6.081856 7.169176 	-6.423501 8.534136 	-8.752426 6.413910 	-6.413910 8.752426 	-6.395568 6.640584 
sub-029	-7.421315 11.299780 	-9.449302 6.390873 	-5.941898 4.969886 	-11.030905 9.107996 	-4.983572 4.285508 	-4.285508 4.983572 	-4.526453 5.655236 	-5.655236 4.526453 	-5.092585 6.419388 	-4.589050 4.690413 	-6.636625 5.696977 	-11.299780 7.421315 	-5.696977 6.636620 	-4.786671 3.786563 	-3.786563 4.786671 	-7.866033 5.675058 	-6.212882 9.887870 	-9.887870 6.212882 	-11.846352 8.573030 	-10.963351 7.330326 	-5.975130 6.934989 	-6.935017 5.975130 	-6.390874 9.449302 
sub-030	-6.810654 7.274730 	-4.293338 4.722865 	-6.963631 5.726578 	-5.157411 4.717332 	-4.769043 5.272310 	-5.272310 4.769043 	-5.280069 6.103364 	-6.103364 5.280069 	-5.483562 5.229298 	-4.763042 4.700305 	-4.360966 5.231815 	-7.274730 6.810645 	-5.231815 4.360966 	-5.010535 5.388879 	-5.388879 5.010535 	-6.827758 6.911784 	-6.929948 6.380070 	-6.380070 6.929947 	-6.717165 6.476282 	-6.126530 5.882164 	-4.744690 7.025271 	-7.025230 4.744690 	-4.722865 4.293338 
sub-031	0.000000 0.000000 	-5.334853 5.014713 	-4.463465 5.927103 	-5.737479 5.756867 	-5.856986 6.044577 	-6.044577 5.856986 	-4.997209 5.089103 	-5.089103 4.997209 	-5.668684 4.639982 	-4.981148 5.393212 	-5.180987 5.142835 	0.000000 0.000000 	-5.142835 5.180987 	-4.131468 5.956498 	-5.956498 4.131468 	-5.716062 5.734548 	-4.352686 5.824858 	-5.824858 4.352686 	-5.032974 5.456620 	-6.828680 6.255799 	-6.331673 5.310658 	-5.310658 6.331673 	-5.014713 5.334853 
sub-032	-5.784892 6.344811 	-5.650873 4.772141 	-5.043154 6.374693 	-7.462503 5.160052 	-5.892630 7.048091 	-7.048050 5.892630 	-6.564717 6.720527 	-6.720527 6.564715 	-6.243862 5.408334 	-8.750047 5.740073 	-5.802944 5.237436 	-6.344811 5.784892 	-5.237436 5.802944 	-4.419301 8.085350 	-8.085350 4.419301 	-4.859468 5.401642 	-6.875717 6.390198 	-6.390199 6.875705 	-4.739616 5.254683 	-6.841525 7.547019 	-5.160494 5.263937 	-5.263937 5.160494 	-4.772141 5.650873 
sub-033	0.000000 0.000000 	0.000000 0.000000 	0.000000 0.000000 	0.000000 0.000000 	0.000000 0.000000 	0.000000 0.000000 	0.000000 0.000000 	0.000000 0.000000 	0.000000 0.000000 	0.000000 0.000000 	0.000000 0.000000 	0.000000 0.000000 	0.000000 0.000000 	0.000000 0.000000 	0.000000 0.000000 	0.000000 0.000000 	0.000000 0.000000 	0.000000 0.000000 	0.000000 0.000000 	0.000000 0.000000 	0.000000 0.000000 	0.000000 0.000000 	0.000000 0.000000 
sub-034	-8.603922 7.365887 	-5.683338 4.675023 	0.000000 0.000000 	-5.681135 5.470785 	-4.564991 4.997169 	-4.997169 4.564991 	-6.112950 6.538520 	-6.538523 6.112951 	-5.339606 4.293900 	-6.324973 5.359067 	-4.594223 4.331780 	-7.365887 8.603922 	-4.331780 4.594223 	-4.785213 6.008116 	-6.008116 4.785213 	-6.963672 5.689153 	-6.570965 6.599644 	-6.599647 6.570965 	-5.998809 6.307150 	-6.644505 5.910204 	-5.902350 7.378717 	-7.378717 5.902350 	-4.675023 5.683338 
sub-035	0.000000 0.000000 	-5.646665 6.560719 	-6.402075 8.563735 	0.000000 0.000000 	-10.561815 9.527061 	-9.527061 10.561815 	-7.588614 8.440409 	-8.440409 7.588614 	-7.132156 7.379999 	-15.071529 6.865928 	-7.870873 9.380090 	0.000000 0.000000 	-9.380090 7.870873 	-6.635382 6.603409 	-6.603409 6.635383 	-11.871620 11.780918 	0.000000 0.000000 	0.000000 0.000000 	0.000000 0.000000 	0.000000 0.000000 	-5.262318 7.162873 	-7.162735 5.262318 	-6.560719 5.646665 
sub-036	-8.546376 10.468872 	-5.077112 5.370207 	-4.930703 6.709714 	-10.063432 7.485755 	-7.999358 10.182057 	-10.182057 7.999358 	-4.118292 5.370327 	-5.370327 4.118292 	-8.950043 7.532439 	-5.149779 5.088591 	-3.972789 5.755670 	-10.468872 8.546376 	-5.755670 3.972789 	-5.618716 6.953375 	-6.953364 5.618716 	-7.422157 6.778147 	-4.665421 4.429839 	-4.429839 4.665421 	-9.333975 7.701585 	-4.977850 5.113397 	-6.724059 4.993684 	-4.993684 6.724056 	-5.370207 5.077112 
sub-037	-13.505570 7.942677 	-4.498849 5.212442 	-5.107992 5.430987 	-6.483406 7.221126 	-4.827534 5.042202 	-5.042202 4.827534 	-6.448844 5.066705 	-5.066705 6.448844 	-5.487157 4.857709 	-6.446082 8.598212 	0.000000 0.000000 	-7.942677 13.505570 	0.000000 0.000000 	-6.504503 6.460360 	-6.460361 6.504501 	-4.738057 5.307803 	-13.539069 8.666265 	-8.666265 13.539069 	-8.379592 10.648883 	-8.312618 14.927504 	-6.754410 4.246391 	-4.246391 6.754391 	-5.212442 4.498849 
sub-038	-6.945131 7.109581 	-7.297026 6.470920 	-7.266903 6.247213 	-5.482679 5.732023 	-5.190419 4.216090 	-4.216090 5.190419 	-4.685004 6.113616 	-6.113616 4.685004 	-5.592024 6.338294 	-5.713796 5.011757 	-5.184152 5.557050 	-7.109586 6.945202 	-5.557050 5.184152 	-5.535735 4.508075 	-4.508075 5.535735 	-6.700305 8.749511 	-4.600198 4.712420 	-4.712420 4.600198 	-7.110297 7.432403 	-5.253452 3.970276 	-5.558804 5.745099 	-5.745099 5.558804 	-6.470921 7.297026 
sub-039	-7.436872 7.865272 	0.000000 0.000000 	-8.047815 4.684635 	-6.721938 6.303393 	-4.869691 4.881700 	-4.881700 4.869691 	-7.131884 8.368094 	-8.368094 7.131845 	-5.833668 6.347576 	0.000000 0.000000 	0.000000 0.000000 	-7.865272 7.436872 	0.000000 0.000000 	-5.913716 4.941591 	-4.941591 5.913716 	-7.880613 6.725658 	-5.816320 5.991831 	-5.991831 5.816320 	-6.927536 8.541492 	-5.700546 5.353323 	-4.816765 7.837883 	-7.837883 4.816765 	0.000000 0.000000 
sub-040	-9.901198 6.553859 	-5.068425 4.454811 	-4.705783 7.743778 	-5.645711 8.044728 	-5.331602 5.524909 	-5.524909 5.331602 	-7.397409 7.162719 	-7.162940 7.397409 	-5.468992 5.972768 	-5.654009 6.682871 	-5.751654 6.084010 	-6.553860 9.901198 	-6.084010 5.751654 	-5.659502 5.354412 	-5.354412 5.659502 	-5.401232 6.846125 	-5.252427 4.008569 	-4.008569 5.252427 	-7.815250 8.864426 	-4.156004 6.326746 	-6.871703 5.423510 	-5.423510 6.871697 	-4.454811 5.068425 
sub-041	-5.328396 5.049332 	-5.325737 5.030425 	-5.717925 5.741675 	-5.366889 6.559149 	-5.990265 5.844004 	-5.844004 5.990265 	-7.329834 5.365558 	-5.365558 7.329422 	-5.602391 5.344007 	-5.680410 6.470066 	-6.112120 5.966079 	-5.049332 5.328396 	-5.966078 6.112120 	-5.103374 5.538658 	-5.538658 5.103374 	-5.967477 6.382257 	-5.241122 6.434901 	-6.434901 5.241122 	-5.998722 5.287304 	-6.711469 6.949966 	-6.622532 5.429530 	-5.429530 6.622535 	-5.030425 5.325737 
sub-042	-7.814574 11.761396 	-6.407648 4.946805 	-5.938966 5.771939 	-4.726616 4.452671 	-6.438194 6.977410 	-6.977449 6.438194 	-7.626211 9.003561 	-9.003561 7.626211 	-5.342923 4.958760 	-8.801432 6.288947 	-6.209519 8.822538 	-11.761396 7.814574 	-8.822538 6.209519 	-6.450773 5.492457 	-5.492457 6.450774 	-6.738714 6.859743 	-7.337552 6.329721 	-6.329721 7.337552 	-10.917485 9.696393 	-4.717248 4.789093 	-5.026464 5.837313 	-5.837313 5.026464 	-4.946805 6.407647 
sub-043	-6.391674 8.203417 	-4.882686 5.587342 	-4.875503 6.386150 	-5.009000 5.552967 	-4.488107 4.690823 	-4.690823 4.488107 	-4.860755 4.779244 	-4.779244 4.860755 	-4.829479 4.505741 	-5.347052 5.106485 	-6.113151 6.122860 	-8.203417 6.391674 	-6.122860 6.113151 	-5.990100 5.018152 	-5.018152 5.990100 	-5.635596 4.570919 	-4.939746 7.144393 	-7.144365 4.939746 	-7.870543 5.044763 	-9.110159 7.856002 	-5.890671 4.269047 	-4.269047 5.890671 	-5.587342 4.882686 
sub-044	-5.327068 5.121868 	-5.081159 4.115015 	-6.992618 6.742599 	-4.226911 5.539710 	-4.238825 5.171004 	-5.171004 4.238825 	-5.426582 5.538468 	-5.538468 5.426582 	-7.624209 6.036130 	-5.359671 5.898101 	-5.666127 4.829830 	-5.121868 5.327068 	-4.829830 5.666127 	-4.608933 5.056625 	-5.056625 4.608933 	-7.022999 7.197052 	-5.289663 8.045256 	-8.045256 5.289663 	-5.029333 4.422106 	-9.074142 7.401656 	-5.841608 5.760303 	-5.760303 5.841608 	-4.115015 5.081159 
sub-045	-6.143081 6.358678 	-5.831800 5.543690 	-6.030448 5.851959 	-5.240364 4.780900 	-6.176661 5.965775 	-5.965775 6.176661 	0.000000 0.000000 	0.000000 0.000000 	-5.624966 5.980667 	-6.624784 6.345883 	-4.935285 6.068136 	-6.358679 6.143082 	-6.068137 4.935285 	-6.077535 5.080881 	-5.080881 6.077535 	-6.336739 6.670884 	-6.409774 4.357944 	-4.357944 6.409774 	-4.079199 6.828820 	-6.336174 5.568524 	-4.790117 5.699467 	-5.699467 4.790117 	-5.543690 5.831800 
sub-046	-5.042304 5.060006 	-6.301017 6.216282 	-6.684536 6.582327 	-5.758399 7.075342 	-6.661973 5.390616 	-5.390616 6.661969 	-4.716141 4.514766 	-4.514766 4.716141 	-4.932289 5.777586 	0.000000 0.000000 	-6.643565 5.444935 	-5.060006 5.042304 	-5.444935 6.643565 	-5.774655 6.069384 	-6.069384 5.774655 	-5.634475 5.816162 	-5.904049 5.782012 	-5.782012 5.904049 	-5.762156 6.267658 	-6.915624 6.247626 	-6.154671 6.044013 	-6.044013 6.154671 	-6.216282 6.301018 
sub-047	-5.827412 5.842939 	-6.138604 8.240284 	-5.505490 6.595325 	-6.781988 8.431234 	-4.712639 4.805858 	-4.805858 4.712639 	-9.581100 6.942466 	-6.942467 9.581100 	-4.334611 4.687271 	-7.010323 8.598413 	0.000000 0.000000 	-5.842939 5.827412 	0.000000 0.000000 	-6.078932 5.793952 	-5.793952 6.078932 	-5.762073 5.353832 	-12.093330 7.704593 	-7.704593 12.093330 	-6.247611 6.000994 	-8.530935 11.450411 	-5.465604 6.268161 	-6.268161 5.465604 	-8.240284 6.138605 
sub-048	-7.403859 5.378305 	-5.070202 5.044553 	-6.265080 5.131715 	-5.306782 6.876291 	-8.118476 5.777601 	-5.777601 8.118476 	-6.622355 4.528327 	-4.528327 6.622355 	-5.390338 7.667952 	-4.745614 5.328088 	-5.749568 5.193387 	-5.378305 7.403859 	-5.193387 5.749568 	-7.788253 5.702816 	-5.702816 7.788253 	-5.409961 5.128242 	-7.350640 4.407910 	-4.407910 7.350640 	-4.728352 7.260568 	-4.941469 6.697916 	-5.637755 5.349385 	-5.349385 5.637755 	-5.044553 5.070202 
sub-050	-7.484139 10.935013 	-5.589921 6.829574 	-8.524375 5.934859 	-4.561566 5.605058 	-6.719345 5.765928 	-5.765928 6.719347 	-5.472054 5.144243 	-5.144243 5.472054 	-6.371479 4.361772 	-5.600903 7.128854 	-4.973871 6.727559 	-10.935013 7.484139 	-6.727572 4.973871 	-4.401046 6.967943 	-6.968020 4.401046 	-10.039645 5.465960 	-4.751270 5.611811 	-5.611811 4.751270 	-12.073130 6.703696 	-5.607442 4.184459 	-6.443621 6.169918 	-6.169918 6.443621 	-6.829577 5.589921 
sub-052	-4.720673 6.444523 	-5.722180 5.958328 	-5.528193 5.457384 	0.000000 0.000000 	-5.721836 5.872629 	-5.872629 5.721836 	-5.260096 4.882850 	-4.882850 5.260096 	-5.195973 5.426592 	-5.948606 5.271374 	-3.965218 5.149354 	-6.444525 4.720673 	-5.149354 3.965218 	-4.459647 4.933105 	-4.933105 4.459647 	-5.837984 6.102451 	-6.696923 6.236196 	-6.236196 6.696918 	-6.095525 6.179823 	-5.699481 5.485465 	-4.056765 4.821620 	-4.821620 4.056765 	-5.958328 5.722180 
sub-053																							
sub-054	-5.761749 5.960382 	-5.141041 4.774684 	-6.081591 4.913030 	-7.744567 6.674169 	-6.470970 5.858998 	-5.858998 6.470970 	-5.013175 4.947055 	-4.947055 5.013175 	-6.494767 9.228955 	-5.368938 5.007873 	-6.155305 5.784907 	-5.960382 5.761749 	-5.784907 6.155305 	-8.641128 8.986630 	-8.986630 8.641128 	-6.086641 5.873068 	-4.793478 5.493931 	-5.493931 4.793478 	-6.844822 6.653522 	-5.555576 5.851016 	-6.058389 6.518086 	-6.518087 6.058389 	-4.774684 5.141041 
sub-055	0.000000 0.000000 	0.000000 0.000000 	0.000000 0.000000 	0.000000 0.000000 	0.000000 0.000000 	0.000000 0.000000 	0.000000 0.000000 	0.000000 0.000000 	0.000000 0.000000 	0.000000 0.000000 	0.000000 0.000000 	0.000000 0.000000 	0.000000 0.000000 	0.000000 0.000000 	0.000000 0.000000 	0.000000 0.000000 	0.000000 0.000000 	0.000000 0.000000 	0.000000 0.000000 	0.000000 0.000000 	0.000000 0.000000 	0.000000 0.000000 	0.000000 0.000000 
sub-056	-6.421953 5.370809 	-6.314584 6.155547 	-4.883751 5.208441 	-4.819870 10.389478 	-9.452337 6.651108 	-6.651107 9.452337 	-6.482933 6.764152 	-6.764145 6.482932 	-9.786328 12.822781 	-6.284584 6.591983 	-7.596117 7.586662 	-5.370809 6.421954 	-7.586662 7.596117 	-7.460597 6.147532 	-6.147533 7.460597 	-5.103469 7.160581 	-12.347619 7.454662 	-7.454662 12.347619 	-6.978237 8.076988 	-6.434275 13.082097 	-10.978426 5.049611 	-5.049611 10.978426 	-6.155547 6.314584 
sub-057	-5.559502 8.444337 	-5.784142 5.404337 	-5.688506 5.492830 	-7.534653 5.987400 	-5.078394 4.661064 	-4.661064 5.078394 	-4.961938 5.090955 	-5.090955 4.961938 	-4.823882 6.084397 	-5.728910 4.033794 	-6.108763 5.465714 	-8.444337 5.559502 	-5.465714 6.108763 	-5.915905 4.990489 	-4.990489 5.915905 	-5.718025 6.789576 	-6.258883 6.217232 	-6.217232 6.258884 	-7.633899 7.751120 	-9.243875 5.318431 	-6.562165 6.508582 	-6.508583 6.562166 	-5.404337 5.784142 
sub-058	-4.859744 5.063111 	-7.568949 8.028175 	-7.685334 8.113136 	0.000000 0.000000 	-10.004566 6.784903 	-6.784913 10.004566 	-5.354767 6.438225 	-6.438226 5.354767 	-6.028553 10.607596 	-5.982153 4.493948 	-5.196972 5.099187 	-5.063111 4.859744 	-5.099187 5.196972 	-9.955318 6.001033 	-6.001033 9.955318 	-6.975703 6.444113 	-4.914965 5.776229 	-5.776229 4.914965 	-4.965100 5.376560 	-7.315644 5.096160 	-5.025141 6.128280 	-6.128280 5.025141 	-8.028175 7.568949 
sub-059	-7.118896 9.234766 	-5.428213 5.198055 	-5.226518 4.182587 	-5.953283 7.279408 	-5.024452 4.612645 	-4.612645 5.024452 	-6.003712 5.665189 	-5.665189 6.003712 	-5.060850 4.618543 	-5.451185 5.411597 	-4.972457 5.004559 	-9.234766 7.118887 	-5.004559 4.972457 	-4.953162 5.072045 	-5.072045 4.953162 	-6.013710 6.082105 	-8.648024 8.301857 	-8.301857 8.648024 	-9.286106 9.037235 	-6.185878 6.067688 	-5.031059 5.140810 	-5.140810 5.031059 	-5.198055 5.428213 
sub-060	-5.684370 5.597472 	-9.593369 5.889269 	-6.179831 5.489312 	-6.849885 6.402429 	-9.741129 7.294261 	-7.294261 9.741129 	-5.407949 5.423056 	-5.423056 5.407949 	-4.066675 5.655977 	-5.133669 7.651205 	-5.251314 4.665664 	-5.597472 5.684370 	-4.665664 5.251314 	-4.601182 4.742135 	-4.742135 4.601182 	-5.493196 6.504929 	-6.035436 10.401063 	-10.401063 6.035436 	-6.795362 6.126235 	-11.078597 7.379776 	-6.143833 4.718304 	-4.718304 6.143833 	-5.889269 9.593369 
sub-061	-6.391723 6.752631 	-4.981890 5.033220 	-5.217032 9.760300 	-5.357535 4.048023 	-5.288746 6.094515 	-6.094515 5.288746 	-5.065660 6.789668 	-6.789675 5.065660 	-5.090529 5.268803 	-5.047027 4.987907 	-6.271173 5.547874 	-6.752624 6.391724 	-5.547874 6.271173 	-4.537508 5.419952 	-5.419952 4.537508 	-5.314883 9.456433 	-8.308994 4.229883 	-4.229883 8.308994 	-5.787035 10.015448 	-5.382143 6.154601 	-5.626938 4.591364 	-4.591364 5.626938 	-5.033220 4.981890 
sub-062	-6.145707 6.744208 	-4.776915 4.930259 	-5.775416 5.765713 	-4.366751 4.816654 	-5.267615 4.845224 	-4.845224 5.267615 	-6.035652 5.959684 	-5.959684 6.035652 	-6.089323 4.267703 	-5.150252 6.207778 	-5.420679 3.686232 	-6.744211 6.145707 	-3.686232 5.420679 	-4.698816 5.201714 	-5.201714 4.698816 	-5.802532 6.279942 	-4.891852 8.001925 	-8.001925 4.891852 	-6.021132 4.730363 	-7.189701 6.968820 	-4.956105 5.209304 	-5.209304 4.956105 	-4.930259 4.776915 
sub-063	-6.660176 5.964090 	-6.210769 5.773858 	-6.797634 6.616384 	-6.366561 5.216421 	-5.419368 4.502088 	-4.502088 5.419368 	-5.007655 4.239547 	-4.239547 5.007655 	-5.790941 5.898857 	-4.614786 5.219344 	-5.920711 4.716448 	-5.964090 6.660174 	-4.716448 5.920711 	-5.765740 5.147304 	-5.147304 5.765740 	-8.040511 7.664840 	-5.109564 7.607803 	-7.607803 5.109564 	-6.649203 6.812371 	-7.267958 5.476617 	-6.634714 7.115992 	-7.115980 6.634717 	-5.773858 6.210769 
sub-064	-5.481838 7.287505 	-6.665801 6.802816 	-6.707874 6.740398 	-5.842809 4.863677 	-6.292482 4.838926 	-4.838926 6.292482 	-5.660861 7.909552 	-7.909552 5.660861 	-6.256670 5.534593 	-8.747319 5.920505 	-5.948231 7.893760 	-7.287434 5.481838 	-7.893760 5.948231 	-5.215355 4.949459 	-4.949459 5.215355 	-6.654069 5.720768 	-6.497186 6.249714 	-6.249714 6.497186 	-7.450637 4.406984 	-7.976363 7.512424 	-5.648207 6.553534 	-6.553538 5.648207 	-6.802815 6.665802 
sub-066	-4.817645 5.744085 	-4.754621 4.702939 	-4.196700 4.682044 	-5.646104 5.778160 	-4.336678 5.017233 	-5.017233 4.336678 	-4.350345 5.590122 	-5.590122 4.350345 	-5.209744 5.680296 	-4.849929 5.413196 	-4.412625 6.759753 	-5.744085 4.817645 	-6.759773 4.412625 	-4.346222 5.157797 	-5.157797 4.346222 	-5.641847 5.050337 	-6.266565 4.393368 	-4.393368 6.266565 	-7.381790 5.666857 	-5.358710 5.116300 	-4.818276 4.834096 	-4.834096 4.818276 	-4.702939 4.754621 
sub-067	-5.806339 4.902723 	-5.086301 4.203543 	-7.388055 5.359114 	-5.514409 4.764228 	-5.299170 5.753821 	-5.753821 5.299170 	0.000000 0.000000 	0.000000 0.000000 	-5.908895 5.915298 	-5.978796 5.005808 	-5.213370 4.948255 	-4.902723 5.806339 	-4.948255 5.213370 	-6.688231 5.210637 	-5.210637 6.688233 	-7.374009 6.306397 	-6.388418 7.315743 	-7.315743 6.388419 	-6.526545 6.645073 	-4.908314 5.472805 	-6.514088 5.561406 	-5.561406 6.514088 	-4.203543 5.086301 
sub-068	-6.627991 8.717106 	-5.344341 4.909992 	-5.416165 6.554852 	-5.599826 6.767165 	-6.679890 5.707872 	-5.707872 6.679894 	-6.205998 6.392581 	-6.392580 6.205998 	-6.459754 8.048502 	-7.409500 6.864634 	-6.077555 4.086407 	-8.717106 6.627988 	-4.086407 6.077555 	-4.896931 5.598699 	-5.598699 4.896931 	-8.331001 8.249771 	-6.611767 10.222767 	-10.222767 6.611764 	-7.093899 6.016379 	-11.426730 7.979164 	-5.705245 5.921997 	-5.921997 5.705245 	-4.909992 5.344341 
sub-069	-5.759708 6.845590 	-7.430159 6.038170 	-7.592391 6.520557 	-5.580071 4.032369 	-6.692924 5.674612 	-5.674612 6.692927 	-5.340724 5.344090 	-5.344090 5.340724 	-5.614356 6.541484 	-6.523174 5.348538 	-5.992927 6.365021 	-6.845593 5.759708 	-6.365021 5.992927 	-5.734941 4.864351 	-4.864351 5.734941 	-6.430041 6.548355 	-7.302657 5.462288 	-5.462288 7.302657 	-6.516482 7.817332 	-6.771281 5.604305 	-5.167708 5.365184 	-5.365184 5.167708 	-6.038170 7.430159 
sub-070	-4.284107 6.304371 	-5.781579 5.979782 	-5.620411 5.819160 	-5.800090 5.500022 	0.000000 0.000000 	0.000000 0.000000 	-5.625954 4.864503 	-4.864503 5.625954 	-5.455295 7.105532 	-6.041991 6.176413 	-7.820420 6.152768 	-6.304371 4.284107 	-6.152767 7.820420 	-5.464482 5.005435 	-5.005435 5.464482 	-5.734212 6.943708 	-7.234819 7.137898 	-7.137957 7.234519 	-5.035671 5.053788 	-7.174182 5.951748 	-5.902964 6.922694 	-6.922667 5.902964 	-5.979782 5.781579 
sub-071	-5.464745 6.502892 	-7.006517 6.172639 	-7.145234 6.705593 	-6.537250 7.183641 	-5.374802 5.639590 	-5.639590 5.374802 	-5.806191 4.794425 	-4.794425 5.806191 	-7.131916 6.865588 	-5.729110 6.438711 	-4.906805 4.382701 	-6.502892 5.464745 	-4.382701 4.906805 	-5.075913 5.663555 	-5.663555 5.075913 	-8.593226 8.272466 	-5.949132 5.766280 	-5.766280 5.949132 	-7.919223 6.613582 	-5.374938 5.033383 	-4.281531 5.955822 	-5.955822 4.281531 	-6.172639 7.006560 
sub-072	-5.990927 4.885303 	-4.938910 5.290167 	-5.483848 6.897408 	-5.662251 5.078893 	-4.662994 6.729942 	-6.729947 4.662994 	-5.387368 4.873180 	-4.873180 5.387368 	-5.641851 5.997092 	-6.629418 5.324607 	-5.380887 5.567892 	-4.885303 5.990927 	-5.567892 5.380887 	-4.712579 6.176069 	-6.176068 4.712579 	-7.587738 8.702332 	-6.863682 4.789104 	-4.789104 6.863709 	-6.765607 6.799906 	-4.680853 5.451400 	-7.377522 6.398382 	-6.398383 7.377522 	-5.290167 4.938910 
sub-073	-8.072807 10.008724 	-5.211080 6.519118 	-5.035644 5.020038 	-9.515985 7.199786 	-4.888450 4.728283 	-4.728283 4.888450 	-7.524436 5.874177 	-5.874177 7.524436 	-5.079337 5.729568 	-6.653885 5.519178 	-7.631744 8.616529 	-10.008724 8.072807 	-8.616529 7.631744 	-8.719873 6.163141 	-6.163141 8.719873 	-5.930833 7.073210 	-6.839989 7.583309 	-7.583309 6.839994 	-7.583309 6.839994 	-10.008724 8.072807 	-7.018647 10.428841 	-10.428841 7.018610 	-6.519116 5.211080 
sub-074	-9.729880 6.288447 	-4.859274 5.810736 	-6.609456 6.605492 	-4.802961 5.845957 	-5.251069 5.294629 	-5.294629 5.251069 	-8.375006 5.821795 	-5.821795 8.375006 	-5.688793 5.299712 	-6.943039 9.266595 	0.000000 0.000000 	-6.288447 9.729880 	0.000000 0.000000 	-6.582850 6.257158 	-6.257158 6.582853 	-5.903168 6.508742 	-8.754723 7.597826 	-7.597826 8.754723 	-5.735317 6.261136 	-7.684302 11.253550 	-6.583400 6.029651 	-6.029651 6.583401 	-5.810736 4.859274 
sub-075	-6.613526 8.873566 	-5.300196 6.655010 	-5.520669 6.901757 	-6.591204 5.632508 	-5.929147 4.757309 	-4.757309 5.929147 	-6.970204 6.429305 	-6.429305 6.970205 	-5.294089 5.952865 	-5.174977 5.500924 	-5.445004 6.588660 	-8.873566 6.613529 	-6.588662 5.445004 	-7.115671 5.130777 	-5.130777 7.115716 	-6.847026 6.065538 	-6.929179 7.232152 	-7.232100 6.929122 	-6.495851 4.387108 	-9.177724 5.769546 	-5.776923 7.572531 	-7.572531 5.776923 	-6.655009 5.300196 
sub-076	-5.816624 8.428788 	-4.760080 5.971838 	-5.735669 5.885848 	-7.282405 5.616727 	-4.533903 4.209981 	-4.209981 4.533903 	-5.422261 5.177293 	-5.177293 5.422261 	-5.093548 4.501868 	-4.817294 5.828706 	-6.578327 6.765566 	-8.428788 5.816624 	-6.765567 6.578326 	-5.055510 4.556352 	-4.556352 5.055510 	-7.017729 6.554752 	-5.750615 7.386339 	-7.386339 5.750615 	-8.077668 7.212886 	-7.488917 5.880620 	-6.105965 6.658254 	-6.658258 6.105965 	-5.971838 4.760080 
sub-077	-8.520353 7.138286 	-9.416253 5.559050 	-8.620247 4.752680 	-6.623849 5.750991 	-4.760681 4.450959 	-4.450959 4.760681 	-5.168271 7.336566 	-7.336566 5.168271 	-4.437765 7.437509 	-12.739667 7.212115 	0.000000 0.000000 	-7.138288 8.520353 	0.000000 0.000000 	-6.660002 3.869979 	-3.869979 6.659997 	-6.024899 6.169700 	-7.714753 11.134047 	-11.134047 7.714753 	-10.183167 6.454794 	-9.645374 7.585467 	-5.359378 5.310979 	-5.310979 5.359378 	-5.559050 9.416253 
sub-078	-9.806643 10.276573 	-5.054589 6.143503 	-7.631690 8.039631 	0.000000 0.000000 	-6.881266 7.520329 	-7.520329 6.881238 	-4.813056 5.017806 	-5.017806 4.813056 	-6.962377 7.599433 	-4.085032 4.669688 	-4.709120 5.668550 	-10.276573 9.806643 	-5.668550 4.709120 	-7.322093 5.239871 	-5.239871 7.322093 	-9.588220 7.263879 	-4.773408 4.965623 	-4.965623 4.773408 	-9.023164 8.050931 	-5.202507 5.245583 	0.000000 0.000000 	0.000000 0.000000 	-6.143503 5.054589 
sub-079	0.000000 0.000000 	-4.975659 5.397719 	-5.991251 5.636157 	-6.297654 6.625848 	-4.092702 5.023079 	-5.023079 4.092702 	-5.897833 6.309607 	-6.309607 5.897833 	-5.958509 5.546467 	-6.883138 4.716618 	-6.366313 5.497640 	0.000000 0.000000 	-5.497640 6.366313 	-5.862749 5.513538 	-5.513538 5.862749 	-7.858009 7.866942 	-5.142300 4.569702 	-4.569702 5.142300 	-8.633275 9.325768 	0.000000 0.000000 	-5.409025 4.924366 	-4.924366 5.409025 	-5.397719 4.975659 
sub-080	-5.982223 6.617820 	0.000000 0.000000 	0.000000 0.000000 	-5.806414 4.709338 	-5.080540 4.037224 	-4.037224 5.080540 	0.000000 0.000000 	0.000000 0.000000 	-5.933949 6.302553 	-6.145056 6.685340 	-6.413432 5.328216 	-6.617822 5.982223 	-5.328216 6.413433 	-5.007175 4.925866 	-4.925866 5.007175 	-4.973124 6.229135 	-8.199030 7.938474 	-7.938474 8.199030 	-7.902691 7.515290 	-6.562814 7.177733 	-4.964759 4.964573 	-4.964573 4.964759 	0.000000 0.000000 
sub-081	-4.482949 6.112322 	-9.346092 8.601220 	-8.477239 5.684508 	-5.500079 7.590833 	-5.033450 4.482027 	-4.482027 5.033450 	-4.643966 3.954555 	-3.954555 4.643966 	-5.484456 4.810139 	-4.333244 4.724662 	-5.533157 5.921958 	-6.112322 4.482949 	-5.921958 5.533157 	-4.982369 4.541273 	-4.541273 4.982369 	-5.792199 5.800361 	-7.617635 7.457913 	-7.457913 7.617635 	-5.533702 6.495879 	-4.912121 4.895140 	-5.575831 6.693449 	-6.693455 5.575831 	-8.601220 9.346092 
sub-082	-5.219924 4.628661 	-4.881220 5.029913 	-4.454443 4.349925 	-5.430147 5.531751 	-5.965610 4.854919 	-4.854919 5.965610 	-5.327312 5.279991 	-5.279991 5.327312 	-4.458181 4.949153 	-5.489415 6.411122 	-5.396204 5.651008 	-4.628661 5.219924 	-5.651008 5.396204 	-5.055462 5.214014 	-5.214014 5.055462 	-4.639643 5.918135 	-6.187178 5.766006 	-5.766006 6.187178 	-4.528393 5.848614 	0.000000 0.000000 	-3.828298 4.836151 	-4.836151 3.828298 	-5.029913 4.881220 
sub-083	-4.830718 5.461486 	-10.015486 9.032863 	-4.533871 4.623571 	-9.715748 6.792450 	-7.463347 5.291538 	-5.291538 7.463347 	-5.552791 5.792789 	-5.792789 5.552791 	-6.657057 6.073743 	-5.615573 4.771967 	-7.474396 7.940603 	-5.461486 4.830718 	-7.940603 7.474396 	-8.122436 6.364225 	-6.364225 8.122436 	-5.590182 5.259746 	-6.320041 5.684948 	-5.684948 6.320041 	-5.877738 6.129280 	-8.313890 8.314371 	-5.020999 5.621459 	-5.621459 5.020999 	-9.032863 10.015486 
sub-084	-5.795077 6.628390 	-5.576585 5.299952 	-10.674135 8.339459 	-6.225857 4.768200 	-5.710371 7.067079 	-7.067013 5.710371 	-5.076622 5.720391 	-5.720391 5.076622 	-8.381669 6.061982 	-5.271149 5.241738 	-10.116429 6.818782 	-6.628390 5.795077 	-6.818779 10.116429 	-4.614071 5.436901 	-5.436901 4.614071 	-9.577602 7.312404 	-9.394440 14.071708 	-14.071708 9.394440 	-7.507541 6.181397 	-11.494987 8.266366 	-7.664216 12.651389 	-12.651389 7.664216 	-5.299952 5.576585 
sub-085	-7.215528 12.014884 	-5.577105 6.527268 	-5.033931 6.471442 	-5.744857 6.385074 	-6.329837 5.185984 	-5.185984 6.329836 	-6.360941 4.499432 	-4.499432 6.360941 	-5.266729 6.380505 	-6.131529 6.858944 	-5.513093 7.935106 	-12.014884 7.215559 	-7.935106 5.513093 	-5.648818 4.924032 	-4.924032 5.648818 	-5.363460 6.942735 	-7.440584 9.817258 	-9.817258 7.440584 	-11.506806 7.293969 	-10.131349 7.282846 	-7.159779 5.974571 	-5.974571 7.159562 	-6.527266 5.577105 
sub-086	-4.769862 5.102383 	-6.463977 5.203245 	-7.765831 6.599027 	-6.086451 5.498319 	-6.015831 4.877971 	-4.877971 6.015831 	-6.433079 8.045490 	-8.045490 6.433080 	-7.147161 6.568517 	-6.765038 7.691005 	0.000000 0.000000 	-5.102383 4.769862 	0.000000 0.000000 	-4.350989 4.681820 	-4.681820 4.350989 	-5.581781 7.946616 	-4.720746 5.765691 	-5.765691 4.720746 	-5.789062 4.802565 	-5.709223 5.630999 	-5.347267 5.065159 	-5.065159 5.347267 	-5.203245 6.463977 
sub-087	-4.762463 6.765854 	-4.241632 5.570828 	-5.919412 5.196074 	-4.719783 4.879539 	0.000000 0.000000 	0.000000 0.000000 	-4.071808 4.837903 	-4.837903 4.071808 	-7.123067 5.514477 	-4.179160 4.571247 	-4.315180 4.792395 	-6.765859 4.762463 	-4.792395 4.315180 	-5.534707 5.036711 	-5.036711 5.534707 	-6.550353 6.050876 	0.000000 0.000000 	0.000000 0.000000 	-5.904851 4.517829 	-7.723059 4.711842 	-5.088824 5.750839 	-5.750839 5.088824 	-5.570828 4.241632 
sub-088	-6.410410 5.337046 	-4.895034 4.404728 	-5.581780 5.734138 	-4.967541 5.872036 	-4.848073 4.678219 	-4.678219 4.848073 	-7.287003 8.131796 	-8.131796 7.287127 	-5.125357 5.096979 	-10.536421 8.111709 	-8.774991 9.812553 	-5.337046 6.410409 	-9.812553 8.774991 	-4.999182 5.208364 	-5.208364 4.999182 	-4.760709 4.883714 	-5.068409 5.481062 	-5.481062 5.068409 	-3.669055 5.753983 	-4.515623 6.220587 	-5.755987 5.358086 	-5.358086 5.755987 	-4.404728 4.895034 
sub-089	-4.619687 5.240945 	-7.159763 5.717026 	-8.187151 8.764427 	-9.148581 6.906944 	-5.419477 4.803000 	-4.803000 5.419477 	-4.751134 5.653527 	-5.653527 4.751134 	-7.306129 6.146634 	-7.970993 6.832937 	-6.081433 6.427423 	-5.240945 4.619687 	-6.427423 6.081434 	-6.096812 6.737955 	-6.737946 6.096812 	-5.777743 5.527792 	-5.533618 4.823830 	-4.823830 5.533618 	-5.475613 4.071240 	-4.992734 4.807216 	-4.577066 7.643865 	-7.643865 4.577066 	-5.717026 7.159524 
sub-090	-6.394734 6.586712 	-5.406164 5.932944 	-7.352022 5.597012 	-9.126331 8.953541 	-4.934738 4.983610 	-4.983610 4.934738 	-4.780165 5.721508 	-5.721508 4.780165 	-7.200948 6.305122 	-7.826348 8.307011 	0.000000 0.000000 	-6.586712 6.394734 	0.000000 0.000000 	-5.091113 6.297533 	-6.297533 5.091113 	-8.592422 6.603261 	-5.392229 5.962090 	-5.962090 5.392229 	-7.469231 4.560939 	-8.598721 9.681928 	-5.993011 7.435423 	-7.435423 5.993011 	-5.932944 5.406164 
